{"count":1,"self":354.9466112,"total":399.49401159999996,"children":{"InitializeActuators":{"count":4,"self":0.0015065,"total":0.0015065,"children":null},"InitializeSensors":{"count":4,"self":0.0009939,"total":0.0009939,"children":null},"AgentSendState":{"count":39023,"self":0.33357359999999997,"total":0.77119909999999992,"children":{"CollectObservations":{"count":7848,"self":0.047863499999999996,"total":0.047863499999999996,"children":null},"WriteActionMask":{"count":7848,"self":0.029571399999999998,"total":0.029571399999999998,"children":null},"RequestDecision":{"count":7848,"self":0.11328339999999999,"total":0.36019059999999997,"children":{"AgentInfo.ToProto":{"count":7848,"self":0.054707399999999996,"total":0.2469072,"children":{"GenerateSensorData":{"count":7848,"self":0.1921998,"total":0.1921998,"children":null}}}}}}},"DecideAction":{"count":39023,"self":41.9422752,"total":41.942275699999996,"children":null},"AgentAct":{"count":39023,"self":1.8292651999999998,"total":1.8309104999999999,"children":{"AgentInfo.ToProto":{"count":41,"self":0.0011393,"total":0.0016453,"children":{"GenerateSensorData":{"count":41,"self":0.00050599999999999994,"total":0.00050599999999999994,"children":null}}}}}},"gauges":{"AirHockeyBehavior.CumulativeReward":{"count":28,"max":11.0151567,"min":-5.503782,"runningAverage":1.89001322,"value":-1.796662,"weightedAverage":2.5639286},"AirHockeyBehaviorClone.CumulativeReward":{"count":13,"max":0,"min":0,"runningAverage":0,"value":0,"weightedAverage":0}},"metadata":{"timer_format_version":"0.1.0","start_time_seconds":"1664886730","unity_version":"2020.3.23f1","command_line_arguments":"C:\\Program Files\\Unity\\Hub\\Editor\\2020.3.23f1\\Editor\\Unity.exe -projectpath C:\\PGraf\\Arbeit\\RL\\ZML_GitLab\\proj-air-hockey-new -useHub -hubIPC -cloudEnvironment production -licensingIpc LicenseClient-AI-Admin -hubSessionId 574823f0-43c4-11ed-9344-25c799c90dd0 -accessToken 1KZ3iBSzcrIn6jYvQspN8PBHwKJx_xJDvxW_LSAUWdM008f","communication_protocol_version":"1.5.0","com.unity.ml-agents_version":"2.3.0-exp.2","scene_name":"3DAirHockey","end_time_seconds":"1664887130"}}