{"count":1,"self":10972.9406976,"total":12287.438695499999,"children":{"InitializeActuators":{"count":256,"self":0.0119778,"total":0.0119778,"children":null},"InitializeSensors":{"count":256,"self":0.0080634,"total":0.0080634,"children":null},"AgentSendState":{"count":816473,"self":6.6308539999999994,"total":12.5392318,"children":{"CollectObservations":{"count":163818,"self":0.9929887,"total":0.9929887,"children":null},"WriteActionMask":{"count":163818,"self":0.44617619999999997,"total":0.44617619999999997,"children":null},"RequestDecision":{"count":163818,"self":1.4043066,"total":4.4692129,"children":{"AgentInfo.ToProto":{"count":148788,"self":1.2913462,"total":3.0649062999999996,"children":{"GenerateSensorData":{"count":148788,"self":1.77356,"total":1.7735600999999999,"children":null}}}}}}},"DecideAction":{"count":816473,"self":1242.6962944,"total":1242.6962723,"children":null},"AgentAct":{"count":816473,"self":59.237407999999995,"total":59.2424895,"children":{"AgentInfo.ToProto":{"count":277,"self":0.0020182999999999998,"total":0.0050792,"children":{"GenerateSensorData":{"count":277,"self":0.0030608999999999996,"total":0.0030608999999999996,"children":null}}}}}},"gauges":{"AirHockeyBehavior.CumulativeReward":{"count":330,"max":9.61832,"min":-5.37271833,"runningAverage":3.598334,"value":5.651237,"weightedAverage":1.24168015}},"metadata":{"timer_format_version":"0.1.0","start_time_seconds":"1682329851","unity_version":"2021.3.16f1","command_line_arguments":"C:\\Program Files\\Unity\\Hub\\Editor\\2021.3.16f1\\Editor\\Unity.exe -projectpath C:\\PGraf\\Arbeit\\RL\\ZML_GitLab\\proj-air-hockey-git -useHub -hubIPC -cloudEnvironment production -licensingIpc LicenseClient-AI-Admin -hubSessionId aebbd930-df44-11ed-99f7-65909d299fc0","communication_protocol_version":"1.5.0","com.unity.ml-agents_version":"2.3.0-exp.2","scene_name":"3DAirHockey","end_time_seconds":"1682342138"}}