{"count":1,"self":72.326860799999992,"total":72.4989408,"children":{"InitializeActuators":{"count":1,"self":0.0019936,"total":0.0019936,"children":null},"InitializeSensors":{"count":1,"self":0.0019966,"total":0.0019966,"children":null},"AgentSendState":{"count":3387,"self":0.043772,"total":0.0726894,"children":{"CollectObservations":{"count":1129,"self":0.016953799999999998,"total":0.016953799999999998,"children":null},"WriteActionMask":{"count":1129,"self":0.0039854999999999995,"total":0.0039854999999999995,"children":null},"RequestDecision":{"count":1129,"self":0.0079781,"total":0.0079781,"children":null}}},"DecideAction":{"count":3387,"self":0.032888099999999997,"total":0.032888099999999997,"children":null},"AgentAct":{"count":3387,"self":0.061512399999999995,"total":0.061512399999999995,"children":null}},"gauges":{"My Behavior.CumulativeReward":{"count":3,"max":-11.092968,"min":-19.0056725,"runningAverage":-15.3736658,"value":-11.092968,"weightedAverage":-16.4681244}},"metadata":{"timer_format_version":"0.1.0","start_time_seconds":"1640083347","unity_version":"2020.3.23f1","command_line_arguments":"C:\\Program Files\\Unity\\Hub\\Editor\\2020.3.23f1\\Editor\\Unity.exe -projectpath C:\/PGraf\/Arbeit\/RL\/ZML_GitLab\/proj-air-hockey -useHub -hubIPC -cloudEnvironment production -hubSessionId ab2fce20-6169-11ec-8ca6-cf3b78302eb8 -accessToken sk4g46VVdRGLn2p5VpR4eY7L7aQMRB-Q_PKnTU52ULA008f","communication_protocol_version":"1.5.0","com.unity.ml-agents_version":"2.1.0-exp.1","scene_name":"3DAirHockey","end_time_seconds":"1640083419"}}